{
  "resume": {
    "last_fetch": 1726540771.1007147,
    "last_checkout": 1726540771.1007147
  },
  "xerner.github.io": {
    "last_fetch": 1726540771.1007147,
    "last_checkout": 1726540771.1007147
  },
  "bitbucket-dashboard": {
    "last_fetch": 1726540771.1007147,
    "last_checkout": 1726540771.1007147
  },
  "budget-projection": {
    "last_fetch": 1726540771.1007147,
    "last_checkout": 1726540771.1007147
  },
  "color-slicer": {
    "last_fetch": 1726540771.1007147,
    "last_checkout": 1726540771.1007147
  },
  "common-ts": {
    "last_fetch": 1726540771.1007147,
    "last_checkout": 1726540771.1007147
  }
}