{
  "bitbucket-dashboard": 0.9172741626389325,
  "common-ts": 1.2731904143001884,
  "color-slicer": 4.574013230390847,
  "budget-projection": 1.8973989174701273,
  "xerner.github.io": 1.1751263341866434,
  "resume": 0.8923293296247721
}